<xml xmlns:o="urn:schemas-microsoft-com:office:office">
 <o:MainFile HRef="../practice.htm"/>
 <o:File HRef="themedata.thmx"/>
 <o:File HRef="colorschememapping.xml"/>
 <o:File HRef="image001.wmz"/>
 <o:File HRef="image002.gif"/>
 <o:File HRef="oledata.mso"/>
 <o:File HRef="image003.wmz"/>
 <o:File HRef="image004.gif"/>
 <o:File HRef="image005.wmz"/>
 <o:File HRef="image006.gif"/>
 <o:File HRef="image007.wmz"/>
 <o:File HRef="image008.gif"/>
 <o:File HRef="image009.wmz"/>
 <o:File HRef="image010.gif"/>
 <o:File HRef="image011.wmz"/>
 <o:File HRef="image012.gif"/>
 <o:File HRef="image013.wmz"/>
 <o:File HRef="image014.gif"/>
 <o:File HRef="image015.wmz"/>
 <o:File HRef="image016.gif"/>
 <o:File HRef="image017.wmz"/>
 <o:File HRef="image018.gif"/>
 <o:File HRef="image019.wmz"/>
 <o:File HRef="image020.gif"/>
 <o:File HRef="image021.wmz"/>
 <o:File HRef="image022.gif"/>
 <o:File HRef="image023.wmz"/>
 <o:File HRef="image024.gif"/>
 <o:File HRef="image025.wmz"/>
 <o:File HRef="image026.gif"/>
 <o:File HRef="image027.wmz"/>
 <o:File HRef="image028.gif"/>
 <o:File HRef="image029.wmz"/>
 <o:File HRef="image030.gif"/>
 <o:File HRef="image031.wmz"/>
 <o:File HRef="image032.gif"/>
 <o:File HRef="image033.wmz"/>
 <o:File HRef="image034.gif"/>
 <o:File HRef="image035.wmz"/>
 <o:File HRef="image036.gif"/>
 <o:File HRef="image037.wmz"/>
 <o:File HRef="image038.gif"/>
 <o:File HRef="image039.wmz"/>
 <o:File HRef="image040.wmz"/>
 <o:File HRef="image041.wmz"/>
 <o:File HRef="image042.gif"/>
 <o:File HRef="image043.wmz"/>
 <o:File HRef="image044.wmz"/>
 <o:File HRef="image045.wmz"/>
 <o:File HRef="image046.gif"/>
 <o:File HRef="image047.wmz"/>
 <o:File HRef="image048.gif"/>
 <o:File HRef="image049.wmz"/>
 <o:File HRef="image050.gif"/>
 <o:File HRef="image051.wmz"/>
 <o:File HRef="image052.wmz"/>
 <o:File HRef="image053.wmz"/>
 <o:File HRef="image054.wmz"/>
 <o:File HRef="image055.wmz"/>
 <o:File HRef="image056.wmz"/>
 <o:File HRef="image057.wmz"/>
 <o:File HRef="image058.gif"/>
 <o:File HRef="image059.wmz"/>
 <o:File HRef="image060.gif"/>
 <o:File HRef="image061.wmz"/>
 <o:File HRef="image062.gif"/>
 <o:File HRef="image063.wmz"/>
 <o:File HRef="image064.gif"/>
 <o:File HRef="image065.wmz"/>
 <o:File HRef="image066.gif"/>
 <o:File HRef="image067.wmz"/>
 <o:File HRef="image068.gif"/>
 <o:File HRef="image069.gif"/>
 <o:File HRef="image070.wmz"/>
 <o:File HRef="image071.wmz"/>
 <o:File HRef="image072.gif"/>
 <o:File HRef="image073.wmz"/>
 <o:File HRef="image074.gif"/>
 <o:File HRef="image075.wmz"/>
 <o:File HRef="image076.gif"/>
 <o:File HRef="image077.wmz"/>
 <o:File HRef="image078.gif"/>
 <o:File HRef="image079.wmz"/>
 <o:File HRef="image080.gif"/>
 <o:File HRef="image081.wmz"/>
 <o:File HRef="image082.gif"/>
 <o:File HRef="image083.wmz"/>
 <o:File HRef="image084.wmz"/>
 <o:File HRef="image085.wmz"/>
 <o:File HRef="image086.gif"/>
 <o:File HRef="image087.wmz"/>
 <o:File HRef="image088.gif"/>
 <o:File HRef="image089.wmz"/>
 <o:File HRef="image090.gif"/>
 <o:File HRef="image091.wmz"/>
 <o:File HRef="image092.gif"/>
 <o:File HRef="image093.wmz"/>
 <o:File HRef="image094.gif"/>
 <o:File HRef="image095.wmz"/>
 <o:File HRef="image096.gif"/>
 <o:File HRef="image097.wmz"/>
 <o:File HRef="image098.gif"/>
 <o:File HRef="image099.wmz"/>
 <o:File HRef="image100.wmz"/>
 <o:File HRef="image101.gif"/>
 <o:File HRef="image102.wmz"/>
 <o:File HRef="image103.wmz"/>
 <o:File HRef="image104.gif"/>
 <o:File HRef="image105.wmz"/>
 <o:File HRef="image106.gif"/>
 <o:File HRef="image107.wmz"/>
 <o:File HRef="image108.gif"/>
 <o:File HRef="image109.wmz"/>
 <o:File HRef="image110.gif"/>
 <o:File HRef="image111.wmz"/>
 <o:File HRef="image112.gif"/>
 <o:File HRef="image113.wmz"/>
 <o:File HRef="image114.gif"/>
 <o:File HRef="image115.wmz"/>
 <o:File HRef="image116.gif"/>
 <o:File HRef="image117.wmz"/>
 <o:File HRef="image118.gif"/>
 <o:File HRef="image119.wmz"/>
 <o:File HRef="image120.gif"/>
 <o:File HRef="image121.wmz"/>
 <o:File HRef="image122.gif"/>
 <o:File HRef="image123.wmz"/>
 <o:File HRef="image124.wmz"/>
 <o:File HRef="image125.gif"/>
 <o:File HRef="image126.wmz"/>
 <o:File HRef="image127.wmz"/>
 <o:File HRef="image128.gif"/>
 <o:File HRef="image129.wmz"/>
 <o:File HRef="image130.gif"/>
 <o:File HRef="image131.wmz"/>
 <o:File HRef="image132.gif"/>
 <o:File HRef="image133.wmz"/>
 <o:File HRef="image134.gif"/>
 <o:File HRef="image135.wmz"/>
 <o:File HRef="image136.wmz"/>
 <o:File HRef="image137.gif"/>
 <o:File HRef="image138.wmz"/>
 <o:File HRef="image139.wmz"/>
 <o:File HRef="image140.gif"/>
 <o:File HRef="image141.wmz"/>
 <o:File HRef="image142.wmz"/>
 <o:File HRef="image143.wmz"/>
 <o:File HRef="image144.wmz"/>
 <o:File HRef="image145.wmz"/>
 <o:File HRef="image146.wmz"/>
 <o:File HRef="image147.gif"/>
 <o:File HRef="image148.wmz"/>
 <o:File HRef="image149.gif"/>
 <o:File HRef="image150.wmz"/>
 <o:File HRef="image151.gif"/>
 <o:File HRef="image152.wmz"/>
 <o:File HRef="image153.gif"/>
 <o:File HRef="image154.wmz"/>
 <o:File HRef="image155.gif"/>
 <o:File HRef="image156.wmz"/>
 <o:File HRef="image157.gif"/>
 <o:File HRef="image158.wmz"/>
 <o:File HRef="image159.gif"/>
 <o:File HRef="image160.wmz"/>
 <o:File HRef="image161.gif"/>
 <o:File HRef="image162.wmz"/>
 <o:File HRef="image163.gif"/>
 <o:File HRef="image164.wmz"/>
 <o:File HRef="image165.gif"/>
 <o:File HRef="image166.wmz"/>
 <o:File HRef="image167.gif"/>
 <o:File HRef="image168.wmz"/>
 <o:File HRef="image169.gif"/>
 <o:File HRef="image170.wmz"/>
 <o:File HRef="image171.gif"/>
 <o:File HRef="image172.wmz"/>
 <o:File HRef="image173.gif"/>
 <o:File HRef="image174.wmz"/>
 <o:File HRef="image175.gif"/>
 <o:File HRef="image176.wmz"/>
 <o:File HRef="image177.wmz"/>
 <o:File HRef="image178.gif"/>
 <o:File HRef="image179.wmz"/>
 <o:File HRef="image180.gif"/>
 <o:File HRef="image181.wmz"/>
 <o:File HRef="image182.wmz"/>
 <o:File HRef="image183.gif"/>
 <o:File HRef="image184.wmz"/>
 <o:File HRef="image185.gif"/>
 <o:File HRef="image186.wmz"/>
 <o:File HRef="image187.gif"/>
 <o:File HRef="image188.wmz"/>
 <o:File HRef="image189.gif"/>
 <o:File HRef="image190.wmz"/>
 <o:File HRef="image191.gif"/>
 <o:File HRef="image192.wmz"/>
 <o:File HRef="image193.gif"/>
 <o:File HRef="image194.wmz"/>
 <o:File HRef="image195.gif"/>
 <o:File HRef="image196.wmz"/>
 <o:File HRef="image197.gif"/>
 <o:File HRef="image198.wmz"/>
 <o:File HRef="image199.gif"/>
 <o:File HRef="image200.wmz"/>
 <o:File HRef="image201.gif"/>
 <o:File HRef="image202.wmz"/>
 <o:File HRef="image203.gif"/>
 <o:File HRef="image204.wmz"/>
 <o:File HRef="image205.gif"/>
 <o:File HRef="image206.wmz"/>
 <o:File HRef="image207.gif"/>
 <o:File HRef="image208.wmz"/>
 <o:File HRef="image209.gif"/>
 <o:File HRef="image210.wmz"/>
 <o:File HRef="image211.gif"/>
 <o:File HRef="image212.wmz"/>
 <o:File HRef="image213.gif"/>
 <o:File HRef="image214.wmz"/>
 <o:File HRef="image215.gif"/>
 <o:File HRef="image216.wmz"/>
 <o:File HRef="image217.gif"/>
 <o:File HRef="image218.wmz"/>
 <o:File HRef="image219.gif"/>
 <o:File HRef="image220.wmz"/>
 <o:File HRef="image221.gif"/>
 <o:File HRef="image222.wmz"/>
 <o:File HRef="image223.gif"/>
 <o:File HRef="image224.wmz"/>
 <o:File HRef="image225.gif"/>
 <o:File HRef="image226.wmz"/>
 <o:File HRef="image227.gif"/>
 <o:File HRef="image228.wmz"/>
 <o:File HRef="image229.gif"/>
 <o:File HRef="image230.wmz"/>
 <o:File HRef="image231.gif"/>
 <o:File HRef="image232.wmz"/>
 <o:File HRef="image233.gif"/>
 <o:File HRef="image234.wmz"/>
 <o:File HRef="image235.wmz"/>
 <o:File HRef="image236.wmz"/>
 <o:File HRef="image237.gif"/>
 <o:File HRef="image238.wmz"/>
 <o:File HRef="image239.gif"/>
 <o:File HRef="image240.wmz"/>
 <o:File HRef="image241.gif"/>
 <o:File HRef="image242.wmz"/>
 <o:File HRef="image243.gif"/>
 <o:File HRef="image244.wmz"/>
 <o:File HRef="image245.gif"/>
 <o:File HRef="image246.wmz"/>
 <o:File HRef="image247.gif"/>
 <o:File HRef="image248.wmz"/>
 <o:File HRef="image249.wmz"/>
 <o:File HRef="image250.gif"/>
 <o:File HRef="image251.wmz"/>
 <o:File HRef="image252.gif"/>
 <o:File HRef="image253.wmz"/>
 <o:File HRef="image254.gif"/>
 <o:File HRef="image255.wmz"/>
 <o:File HRef="image256.gif"/>
 <o:File HRef="image257.wmz"/>
 <o:File HRef="image258.gif"/>
 <o:File HRef="image259.wmz"/>
 <o:File HRef="image260.gif"/>
 <o:File HRef="image261.wmz"/>
 <o:File HRef="image262.gif"/>
 <o:File HRef="image263.gif"/>
 <o:File HRef="image264.wmz"/>
 <o:File HRef="image265.gif"/>
 <o:File HRef="image266.wmz"/>
 <o:File HRef="image267.gif"/>
 <o:File HRef="image268.png"/>
 <o:File HRef="image269.jpg"/>
 <o:File HRef="image270.png"/>
 <o:File HRef="image271.jpg"/>
 <o:File HRef="image272.wmz"/>
 <o:File HRef="image273.gif"/>
 <o:File HRef="image274.wmz"/>
 <o:File HRef="image275.gif"/>
 <o:File HRef="image276.png"/>
 <o:File HRef="image277.jpg"/>
 <o:File HRef="image278.wmz"/>
 <o:File HRef="image279.gif"/>
 <o:File HRef="image280.wmz"/>
 <o:File HRef="image281.gif"/>
 <o:File HRef="image282.wmz"/>
 <o:File HRef="image283.gif"/>
 <o:File HRef="image284.wmz"/>
 <o:File HRef="image285.gif"/>
 <o:File HRef="image286.wmz"/>
 <o:File HRef="image287.wmz"/>
 <o:File HRef="image288.gif"/>
 <o:File HRef="image289.wmz"/>
 <o:File HRef="image290.gif"/>
 <o:File HRef="image291.wmz"/>
 <o:File HRef="image292.gif"/>
 <o:File HRef="image293.wmz"/>
 <o:File HRef="image294.gif"/>
 <o:File HRef="image295.wmz"/>
 <o:File HRef="image296.gif"/>
 <o:File HRef="image297.wmz"/>
 <o:File HRef="image298.gif"/>
 <o:File HRef="image299.wmz"/>
 <o:File HRef="image300.gif"/>
 <o:File HRef="image301.wmz"/>
 <o:File HRef="image302.gif"/>
 <o:File HRef="image303.wmz"/>
 <o:File HRef="image304.gif"/>
 <o:File HRef="image305.wmz"/>
 <o:File HRef="image306.gif"/>
 <o:File HRef="image307.wmz"/>
 <o:File HRef="image308.gif"/>
 <o:File HRef="image309.wmz"/>
 <o:File HRef="image310.gif"/>
 <o:File HRef="image311.wmz"/>
 <o:File HRef="image312.gif"/>
 <o:File HRef="image313.wmz"/>
 <o:File HRef="image314.gif"/>
 <o:File HRef="image315.wmz"/>
 <o:File HRef="image316.gif"/>
 <o:File HRef="image317.wmz"/>
 <o:File HRef="image318.gif"/>
 <o:File HRef="image319.wmz"/>
 <o:File HRef="image320.gif"/>
 <o:File HRef="image321.wmz"/>
 <o:File HRef="image322.gif"/>
 <o:File HRef="image323.wmz"/>
 <o:File HRef="image324.gif"/>
 <o:File HRef="image325.wmz"/>
 <o:File HRef="image326.gif"/>
 <o:File HRef="image327.wmz"/>
 <o:File HRef="image328.wmz"/>
 <o:File HRef="image329.wmz"/>
 <o:File HRef="image330.gif"/>
 <o:File HRef="image331.wmz"/>
 <o:File HRef="image332.gif"/>
 <o:File HRef="image333.wmz"/>
 <o:File HRef="image334.gif"/>
 <o:File HRef="image335.wmz"/>
 <o:File HRef="image336.gif"/>
 <o:File HRef="image337.wmz"/>
 <o:File HRef="image338.gif"/>
 <o:File HRef="image339.wmz"/>
 <o:File HRef="image340.gif"/>
 <o:File HRef="image341.wmz"/>
 <o:File HRef="image342.gif"/>
 <o:File HRef="image343.wmz"/>
 <o:File HRef="image344.gif"/>
 <o:File HRef="image345.wmz"/>
 <o:File HRef="image346.gif"/>
 <o:File HRef="image347.wmz"/>
 <o:File HRef="image348.gif"/>
 <o:File HRef="image349.wmz"/>
 <o:File HRef="image350.gif"/>
 <o:File HRef="image351.wmz"/>
 <o:File HRef="image352.gif"/>
 <o:File HRef="image353.wmz"/>
 <o:File HRef="image354.gif"/>
 <o:File HRef="image355.wmz"/>
 <o:File HRef="image356.gif"/>
 <o:File HRef="image357.wmz"/>
 <o:File HRef="image358.gif"/>
 <o:File HRef="image359.wmz"/>
 <o:File HRef="image360.gif"/>
 <o:File HRef="image361.wmz"/>
 <o:File HRef="image362.gif"/>
 <o:File HRef="image363.wmz"/>
 <o:File HRef="image364.wmz"/>
 <o:File HRef="image365.gif"/>
 <o:File HRef="image366.wmz"/>
 <o:File HRef="image367.gif"/>
 <o:File HRef="image368.wmz"/>
 <o:File HRef="image369.gif"/>
 <o:File HRef="image370.wmz"/>
 <o:File HRef="image371.wmz"/>
 <o:File HRef="image372.gif"/>
 <o:File HRef="image373.wmz"/>
 <o:File HRef="image374.gif"/>
 <o:File HRef="image375.wmz"/>
 <o:File HRef="image376.wmz"/>
 <o:File HRef="image377.gif"/>
 <o:File HRef="image378.wmz"/>
 <o:File HRef="image379.gif"/>
 <o:File HRef="image380.wmz"/>
 <o:File HRef="image381.wmz"/>
 <o:File HRef="image382.wmz"/>
 <o:File HRef="image383.wmz"/>
 <o:File HRef="image384.wmz"/>
 <o:File HRef="image385.wmz"/>
 <o:File HRef="image386.wmz"/>
 <o:File HRef="image387.gif"/>
 <o:File HRef="image388.wmz"/>
 <o:File HRef="image389.gif"/>
 <o:File HRef="image390.wmz"/>
 <o:File HRef="image391.gif"/>
 <o:File HRef="image392.wmz"/>
 <o:File HRef="image393.gif"/>
 <o:File HRef="image394.wmz"/>
 <o:File HRef="image395.gif"/>
 <o:File HRef="image396.wmz"/>
 <o:File HRef="image397.gif"/>
 <o:File HRef="image398.wmz"/>
 <o:File HRef="image399.gif"/>
 <o:File HRef="image400.wmz"/>
 <o:File HRef="image401.wmz"/>
 <o:File HRef="image402.wmz"/>
 <o:File HRef="image403.gif"/>
 <o:File HRef="image404.wmz"/>
 <o:File HRef="image405.gif"/>
 <o:File HRef="image406.wmz"/>
 <o:File HRef="image407.gif"/>
 <o:File HRef="image408.wmz"/>
 <o:File HRef="image409.gif"/>
 <o:File HRef="image410.wmz"/>
 <o:File HRef="image411.gif"/>
 <o:File HRef="image412.wmz"/>
 <o:File HRef="image413.wmz"/>
 <o:File HRef="image414.gif"/>
 <o:File HRef="image415.wmz"/>
 <o:File HRef="image416.wmz"/>
 <o:File HRef="image417.wmz"/>
 <o:File HRef="image418.gif"/>
 <o:File HRef="image419.wmz"/>
 <o:File HRef="image420.wmz"/>
 <o:File HRef="image421.gif"/>
 <o:File HRef="image422.wmz"/>
 <o:File HRef="image423.gif"/>
 <o:File HRef="image424.wmz"/>
 <o:File HRef="image425.gif"/>
 <o:File HRef="image426.wmz"/>
 <o:File HRef="image427.gif"/>
 <o:File HRef="image428.wmz"/>
 <o:File HRef="image429.wmz"/>
 <o:File HRef="image430.wmz"/>
 <o:File HRef="image431.wmz"/>
 <o:File HRef="image432.gif"/>
 <o:File HRef="image433.wmz"/>
 <o:File HRef="image434.wmz"/>
 <o:File HRef="image435.gif"/>
 <o:File HRef="image436.wmz"/>
 <o:File HRef="image437.gif"/>
 <o:File HRef="image438.wmz"/>
 <o:File HRef="image439.gif"/>
 <o:File HRef="image440.wmz"/>
 <o:File HRef="image441.gif"/>
 <o:File HRef="image442.wmz"/>
 <o:File HRef="image443.gif"/>
 <o:File HRef="image444.wmz"/>
 <o:File HRef="image445.gif"/>
 <o:File HRef="image446.wmz"/>
 <o:File HRef="image447.wmz"/>
 <o:File HRef="image448.gif"/>
 <o:File HRef="image449.wmz"/>
 <o:File HRef="image450.gif"/>
 <o:File HRef="image451.wmz"/>
 <o:File HRef="image452.gif"/>
 <o:File HRef="image453.wmz"/>
 <o:File HRef="image454.gif"/>
 <o:File HRef="image455.wmz"/>
 <o:File HRef="image456.wmz"/>
 <o:File HRef="image457.gif"/>
 <o:File HRef="image458.wmz"/>
 <o:File HRef="image459.gif"/>
 <o:File HRef="image460.wmz"/>
 <o:File HRef="image461.wmz"/>
 <o:File HRef="image462.wmz"/>
 <o:File HRef="image463.wmz"/>
 <o:File HRef="image464.gif"/>
 <o:File HRef="image465.wmz"/>
 <o:File HRef="image466.gif"/>
 <o:File HRef="image467.wmz"/>
 <o:File HRef="image468.gif"/>
 <o:File HRef="image469.wmz"/>
 <o:File HRef="image470.gif"/>
 <o:File HRef="image471.wmz"/>
 <o:File HRef="image472.gif"/>
 <o:File HRef="image473.wmz"/>
 <o:File HRef="image474.gif"/>
 <o:File HRef="image475.wmz"/>
 <o:File HRef="image476.gif"/>
 <o:File HRef="image477.wmz"/>
 <o:File HRef="image478.gif"/>
 <o:File HRef="image479.wmz"/>
 <o:File HRef="image480.gif"/>
 <o:File HRef="image481.wmz"/>
 <o:File HRef="image482.gif"/>
 <o:File HRef="image483.wmz"/>
 <o:File HRef="image484.gif"/>
 <o:File HRef="image485.wmz"/>
 <o:File HRef="image486.gif"/>
 <o:File HRef="image487.wmz"/>
 <o:File HRef="image488.wmz"/>
 <o:File HRef="image489.gif"/>
 <o:File HRef="image490.wmz"/>
 <o:File HRef="image491.gif"/>
 <o:File HRef="image492.wmz"/>
 <o:File HRef="image493.gif"/>
 <o:File HRef="image494.wmz"/>
 <o:File HRef="image495.gif"/>
 <o:File HRef="image496.wmz"/>
 <o:File HRef="image497.gif"/>
 <o:File HRef="image498.wmz"/>
 <o:File HRef="image499.gif"/>
 <o:File HRef="image500.wmz"/>
 <o:File HRef="image501.wmz"/>
 <o:File HRef="image502.wmz"/>
 <o:File HRef="image503.wmz"/>
 <o:File HRef="image504.wmz"/>
 <o:File HRef="image505.gif"/>
 <o:File HRef="image506.wmz"/>
 <o:File HRef="image507.gif"/>
 <o:File HRef="image508.wmz"/>
 <o:File HRef="image509.wmz"/>
 <o:File HRef="image510.wmz"/>
 <o:File HRef="image511.gif"/>
 <o:File HRef="image512.wmz"/>
 <o:File HRef="image513.wmz"/>
 <o:File HRef="image514.gif"/>
 <o:File HRef="image515.wmz"/>
 <o:File HRef="image516.gif"/>
 <o:File HRef="image517.wmz"/>
 <o:File HRef="image518.gif"/>
 <o:File HRef="image519.wmz"/>
 <o:File HRef="image520.gif"/>
 <o:File HRef="image521.wmz"/>
 <o:File HRef="image522.gif"/>
 <o:File HRef="image523.wmz"/>
 <o:File HRef="image524.gif"/>
 <o:File HRef="image525.wmz"/>
 <o:File HRef="image526.gif"/>
 <o:File HRef="image527.wmz"/>
 <o:File HRef="image528.gif"/>
 <o:File HRef="image529.wmz"/>
 <o:File HRef="image530.gif"/>
 <o:File HRef="image531.wmz"/>
 <o:File HRef="image532.wmz"/>
 <o:File HRef="image533.gif"/>
 <o:File HRef="image534.wmz"/>
 <o:File HRef="image535.gif"/>
 <o:File HRef="image536.wmz"/>
 <o:File HRef="image537.gif"/>
 <o:File HRef="image538.wmz"/>
 <o:File HRef="image539.gif"/>
 <o:File HRef="image540.wmz"/>
 <o:File HRef="image541.gif"/>
 <o:File HRef="image542.wmz"/>
 <o:File HRef="image543.gif"/>
 <o:File HRef="image544.wmz"/>
 <o:File HRef="image545.wmz"/>
 <o:File HRef="image546.gif"/>
 <o:File HRef="image547.wmz"/>
 <o:File HRef="image548.gif"/>
 <o:File HRef="image549.wmz"/>
 <o:File HRef="image550.wmz"/>
 <o:File HRef="image551.wmz"/>
 <o:File HRef="image552.gif"/>
 <o:File HRef="image553.wmz"/>
 <o:File HRef="image554.gif"/>
 <o:File HRef="image555.wmz"/>
 <o:File HRef="image556.wmz"/>
 <o:File HRef="image557.gif"/>
 <o:File HRef="image558.wmz"/>
 <o:File HRef="image559.png"/>
 <o:File HRef="image560.jpg"/>
 <o:File HRef="image561.wmz"/>
 <o:File HRef="image562.wmz"/>
 <o:File HRef="image563.gif"/>
 <o:File HRef="image564.wmz"/>
 <o:File HRef="image565.gif"/>
 <o:File HRef="image566.wmz"/>
 <o:File HRef="image567.gif"/>
 <o:File HRef="image568.wmz"/>
 <o:File HRef="image569.gif"/>
 <o:File HRef="image570.wmz"/>
 <o:File HRef="image571.gif"/>
 <o:File HRef="image572.wmz"/>
 <o:File HRef="image573.gif"/>
 <o:File HRef="image574.wmz"/>
 <o:File HRef="image575.gif"/>
 <o:File HRef="image576.wmz"/>
 <o:File HRef="image577.gif"/>
 <o:File HRef="image578.wmz"/>
 <o:File HRef="image579.gif"/>
 <o:File HRef="image580.wmz"/>
 <o:File HRef="image581.gif"/>
 <o:File HRef="image582.wmz"/>
 <o:File HRef="image583.gif"/>
 <o:File HRef="image584.wmz"/>
 <o:File HRef="image585.gif"/>
 <o:File HRef="image586.wmz"/>
 <o:File HRef="image587.gif"/>
 <o:File HRef="image588.wmz"/>
 <o:File HRef="image589.gif"/>
 <o:File HRef="image590.wmz"/>
 <o:File HRef="image591.gif"/>
 <o:File HRef="image592.wmz"/>
 <o:File HRef="image593.gif"/>
 <o:File HRef="image594.wmz"/>
 <o:File HRef="image595.gif"/>
 <o:File HRef="image596.wmz"/>
 <o:File HRef="image597.gif"/>
 <o:File HRef="image598.png"/>
 <o:File HRef="image599.jpg"/>
 <o:File HRef="image600.wmz"/>
 <o:File HRef="image601.gif"/>
 <o:File HRef="image602.wmz"/>
 <o:File HRef="image603.wmz"/>
 <o:File HRef="image604.wmz"/>
 <o:File HRef="image605.gif"/>
 <o:File HRef="image606.wmz"/>
 <o:File HRef="image607.wmz"/>
 <o:File HRef="image608.gif"/>
 <o:File HRef="image609.wmz"/>
 <o:File HRef="image610.gif"/>
 <o:File HRef="image611.wmz"/>
 <o:File HRef="image612.gif"/>
 <o:File HRef="image613.wmz"/>
 <o:File HRef="image614.gif"/>
 <o:File HRef="image615.wmz"/>
 <o:File HRef="image616.gif"/>
 <o:File HRef="image617.wmz"/>
 <o:File HRef="image618.gif"/>
 <o:File HRef="image619.wmz"/>
 <o:File HRef="image620.gif"/>
 <o:File HRef="image621.wmz"/>
 <o:File HRef="image622.gif"/>
 <o:File HRef="image623.wmz"/>
 <o:File HRef="image624.gif"/>
 <o:File HRef="image625.wmz"/>
 <o:File HRef="image626.gif"/>
 <o:File HRef="image627.wmz"/>
 <o:File HRef="image628.gif"/>
 <o:File HRef="image629.wmz"/>
 <o:File HRef="image630.gif"/>
 <o:File HRef="image631.wmz"/>
 <o:File HRef="image632.gif"/>
 <o:File HRef="image633.wmz"/>
 <o:File HRef="image634.gif"/>
 <o:File HRef="image635.wmz"/>
 <o:File HRef="image636.gif"/>
 <o:File HRef="image637.wmz"/>
 <o:File HRef="image638.gif"/>
 <o:File HRef="image639.wmz"/>
 <o:File HRef="image640.wmz"/>
 <o:File HRef="image641.gif"/>
 <o:File HRef="image642.wmz"/>
 <o:File HRef="image643.wmz"/>
 <o:File HRef="image644.wmz"/>
 <o:File HRef="image645.gif"/>
 <o:File HRef="image646.wmz"/>
 <o:File HRef="image647.gif"/>
 <o:File HRef="image648.wmz"/>
 <o:File HRef="image649.gif"/>
 <o:File HRef="image650.wmz"/>
 <o:File HRef="image651.wmz"/>
 <o:File HRef="image652.gif"/>
 <o:File HRef="image653.wmz"/>
 <o:File HRef="image654.gif"/>
 <o:File HRef="image655.wmz"/>
 <o:File HRef="image656.gif"/>
 <o:File HRef="image657.wmz"/>
 <o:File HRef="image658.gif"/>
 <o:File HRef="image659.wmz"/>
 <o:File HRef="image660.gif"/>
 <o:File HRef="image661.wmz"/>
 <o:File HRef="image662.gif"/>
 <o:File HRef="image663.wmz"/>
 <o:File HRef="image664.wmz"/>
 <o:File HRef="image665.wmz"/>
 <o:File HRef="image666.wmz"/>
 <o:File HRef="image667.wmz"/>
 <o:File HRef="image668.wmz"/>
 <o:File HRef="image669.gif"/>
 <o:File HRef="image670.wmz"/>
 <o:File HRef="image671.gif"/>
 <o:File HRef="image672.wmz"/>
 <o:File HRef="image673.gif"/>
 <o:File HRef="image674.wmz"/>
 <o:File HRef="image675.gif"/>
 <o:File HRef="image676.wmz"/>
 <o:File HRef="image677.gif"/>
 <o:File HRef="image678.wmz"/>
 <o:File HRef="image679.gif"/>
 <o:File HRef="image680.wmz"/>
 <o:File HRef="image681.gif"/>
 <o:File HRef="image682.wmz"/>
 <o:File HRef="image683.gif"/>
 <o:File HRef="image684.wmz"/>
 <o:File HRef="image685.gif"/>
 <o:File HRef="image686.wmz"/>
 <o:File HRef="image687.gif"/>
 <o:File HRef="image688.wmz"/>
 <o:File HRef="image689.gif"/>
 <o:File HRef="image690.wmz"/>
 <o:File HRef="image691.gif"/>
 <o:File HRef="image692.wmz"/>
 <o:File HRef="image693.gif"/>
 <o:File HRef="image694.wmz"/>
 <o:File HRef="image695.gif"/>
 <o:File HRef="image696.wmz"/>
 <o:File HRef="image697.wmz"/>
 <o:File HRef="image698.gif"/>
 <o:File HRef="image699.wmz"/>
 <o:File HRef="image700.wmz"/>
 <o:File HRef="image701.wmz"/>
 <o:File HRef="image702.wmz"/>
 <o:File HRef="image703.gif"/>
 <o:File HRef="image704.wmz"/>
 <o:File HRef="image705.gif"/>
 <o:File HRef="image706.wmz"/>
 <o:File HRef="image707.gif"/>
 <o:File HRef="image708.wmz"/>
 <o:File HRef="image709.gif"/>
 <o:File HRef="image710.wmz"/>
 <o:File HRef="image711.wmz"/>
 <o:File HRef="image712.gif"/>
 <o:File HRef="image713.wmz"/>
 <o:File HRef="image714.gif"/>
 <o:File HRef="image715.wmz"/>
 <o:File HRef="image716.gif"/>
 <o:File HRef="image717.wmz"/>
 <o:File HRef="image718.gif"/>
 <o:File HRef="image719.wmz"/>
 <o:File HRef="image720.gif"/>
 <o:File HRef="image721.wmz"/>
 <o:File HRef="image722.wmz"/>
 <o:File HRef="image723.gif"/>
 <o:File HRef="image724.wmz"/>
 <o:File HRef="image725.gif"/>
 <o:File HRef="image726.wmz"/>
 <o:File HRef="image727.gif"/>
 <o:File HRef="image728.wmz"/>
 <o:File HRef="image729.gif"/>
 <o:File HRef="image730.wmz"/>
 <o:File HRef="image731.gif"/>
 <o:File HRef="image732.wmz"/>
 <o:File HRef="image733.gif"/>
 <o:File HRef="image734.wmz"/>
 <o:File HRef="image735.gif"/>
 <o:File HRef="image736.wmz"/>
 <o:File HRef="image737.wmz"/>
 <o:File HRef="image738.gif"/>
 <o:File HRef="image739.wmz"/>
 <o:File HRef="image740.gif"/>
 <o:File HRef="image741.wmz"/>
 <o:File HRef="image742.gif"/>
 <o:File HRef="image743.wmz"/>
 <o:File HRef="image744.wmz"/>
 <o:File HRef="image745.wmz"/>
 <o:File HRef="image746.gif"/>
 <o:File HRef="image747.wmz"/>
 <o:File HRef="image748.wmz"/>
 <o:File HRef="image749.gif"/>
 <o:File HRef="image750.wmz"/>
 <o:File HRef="image751.gif"/>
 <o:File HRef="image752.wmz"/>
 <o:File HRef="image753.gif"/>
 <o:File HRef="image754.wmz"/>
 <o:File HRef="image755.gif"/>
 <o:File HRef="image756.wmz"/>
 <o:File HRef="image757.gif"/>
 <o:File HRef="image758.wmz"/>
 <o:File HRef="image759.gif"/>
 <o:File HRef="image760.wmz"/>
 <o:File HRef="image761.gif"/>
 <o:File HRef="image762.wmz"/>
 <o:File HRef="image763.gif"/>
 <o:File HRef="image764.wmz"/>
 <o:File HRef="image765.gif"/>
 <o:File HRef="image766.wmz"/>
 <o:File HRef="image767.gif"/>
 <o:File HRef="image768.wmz"/>
 <o:File HRef="image769.gif"/>
 <o:File HRef="image770.wmz"/>
 <o:File HRef="image771.png"/>
 <o:File HRef="image772.jpg"/>
 <o:File HRef="image773.wmz"/>
 <o:File HRef="image774.wmz"/>
 <o:File HRef="image775.gif"/>
 <o:File HRef="image776.wmz"/>
 <o:File HRef="image777.gif"/>
 <o:File HRef="image778.wmz"/>
 <o:File HRef="image779.gif"/>
 <o:File HRef="image780.wmz"/>
 <o:File HRef="image781.gif"/>
 <o:File HRef="image782.wmz"/>
 <o:File HRef="image783.gif"/>
 <o:File HRef="image784.wmz"/>
 <o:File HRef="image785.gif"/>
 <o:File HRef="image786.wmz"/>
 <o:File HRef="image787.wmz"/>
 <o:File HRef="image788.wmz"/>
 <o:File HRef="image789.gif"/>
 <o:File HRef="image790.wmz"/>
 <o:File HRef="image791.gif"/>
 <o:File HRef="image792.wmz"/>
 <o:File HRef="image793.gif"/>
 <o:File HRef="image794.wmz"/>
 <o:File HRef="image795.wmz"/>
 <o:File HRef="image796.gif"/>
 <o:File HRef="image797.wmz"/>
 <o:File HRef="image798.gif"/>
 <o:File HRef="image799.wmz"/>
 <o:File HRef="image800.gif"/>
 <o:File HRef="image801.wmz"/>
 <o:File HRef="image802.gif"/>
 <o:File HRef="image803.wmz"/>
 <o:File HRef="image804.wmz"/>
 <o:File HRef="image805.wmz"/>
 <o:File HRef="image806.gif"/>
 <o:File HRef="image807.png"/>
 <o:File HRef="image808.jpg"/>
 <o:File HRef="image809.wmz"/>
 <o:File HRef="image810.wmz"/>
 <o:File HRef="image811.wmz"/>
 <o:File HRef="image812.gif"/>
 <o:File HRef="image813.wmz"/>
 <o:File HRef="image814.gif"/>
 <o:File HRef="image815.wmz"/>
 <o:File HRef="image816.wmz"/>
 <o:File HRef="image817.gif"/>
 <o:File HRef="image818.wmz"/>
 <o:File HRef="image819.wmz"/>
 <o:File HRef="image820.gif"/>
 <o:File HRef="image821.wmz"/>
 <o:File HRef="image822.gif"/>
 <o:File HRef="image823.wmz"/>
 <o:File HRef="image824.gif"/>
 <o:File HRef="image825.wmz"/>
 <o:File HRef="image826.gif"/>
 <o:File HRef="image827.wmz"/>
 <o:File HRef="image828.wmz"/>
 <o:File HRef="image829.gif"/>
 <o:File HRef="image830.wmz"/>
 <o:File HRef="image831.gif"/>
 <o:File HRef="image832.wmz"/>
 <o:File HRef="image833.wmz"/>
 <o:File HRef="image834.wmz"/>
 <o:File HRef="image835.wmz"/>
 <o:File HRef="image836.gif"/>
 <o:File HRef="image837.wmz"/>
 <o:File HRef="image838.gif"/>
 <o:File HRef="image839.wmz"/>
 <o:File HRef="image840.gif"/>
 <o:File HRef="image841.wmz"/>
 <o:File HRef="image842.gif"/>
 <o:File HRef="image843.wmz"/>
 <o:File HRef="image844.wmz"/>
 <o:File HRef="image845.gif"/>
 <o:File HRef="image846.wmz"/>
 <o:File HRef="image847.gif"/>
 <o:File HRef="image848.wmz"/>
 <o:File HRef="image849.gif"/>
 <o:File HRef="image850.wmz"/>
 <o:File HRef="image851.gif"/>
 <o:File HRef="image852.wmz"/>
 <o:File HRef="image853.gif"/>
 <o:File HRef="image854.wmz"/>
 <o:File HRef="image855.gif"/>
 <o:File HRef="image856.wmz"/>
 <o:File HRef="image857.gif"/>
 <o:File HRef="image858.wmz"/>
 <o:File HRef="image859.wmz"/>
 <o:File HRef="image860.gif"/>
 <o:File HRef="image861.wmz"/>
 <o:File HRef="image862.gif"/>
 <o:File HRef="image863.wmz"/>
 <o:File HRef="image864.gif"/>
 <o:File HRef="image865.wmz"/>
 <o:File HRef="image866.wmz"/>
 <o:File HRef="image867.gif"/>
 <o:File HRef="image868.wmz"/>
 <o:File HRef="image869.gif"/>
 <o:File HRef="image870.wmz"/>
 <o:File HRef="image871.gif"/>
 <o:File HRef="image872.wmz"/>
 <o:File HRef="image873.wmz"/>
 <o:File HRef="image874.wmz"/>
 <o:File HRef="image875.wmz"/>
 <o:File HRef="image876.gif"/>
 <o:File HRef="image877.wmz"/>
 <o:File HRef="image878.gif"/>
 <o:File HRef="image879.wmz"/>
 <o:File HRef="image880.gif"/>
 <o:File HRef="image881.wmz"/>
 <o:File HRef="image882.gif"/>
 <o:File HRef="image883.wmz"/>
 <o:File HRef="image884.gif"/>
 <o:File HRef="image885.wmz"/>
 <o:File HRef="image886.png"/>
 <o:File HRef="image887.jpg"/>
 <o:File HRef="image888.png"/>
 <o:File HRef="image889.jpg"/>
 <o:File HRef="image890.png"/>
 <o:File HRef="image891.jpg"/>
 <o:File HRef="image892.wmz"/>
 <o:File HRef="image893.gif"/>
 <o:File HRef="image894.wmz"/>
 <o:File HRef="image895.wmz"/>
 <o:File HRef="image896.gif"/>
 <o:File HRef="image897.wmz"/>
 <o:File HRef="image898.gif"/>
 <o:File HRef="image899.wmz"/>
 <o:File HRef="image900.gif"/>
 <o:File HRef="image901.wmz"/>
 <o:File HRef="image902.gif"/>
 <o:File HRef="image903.wmz"/>
 <o:File HRef="image904.wmz"/>
 <o:File HRef="image905.wmz"/>
 <o:File HRef="image906.gif"/>
 <o:File HRef="image907.wmz"/>
 <o:File HRef="image908.gif"/>
 <o:File HRef="image909.wmz"/>
 <o:File HRef="image910.gif"/>
 <o:File HRef="image911.wmz"/>
 <o:File HRef="image912.wmz"/>
 <o:File HRef="image913.gif"/>
 <o:File HRef="image914.wmz"/>
 <o:File HRef="image915.gif"/>
 <o:File HRef="image916.wmz"/>
 <o:File HRef="image917.gif"/>
 <o:File HRef="image918.wmz"/>
 <o:File HRef="image919.wmz"/>
 <o:File HRef="image920.gif"/>
 <o:File HRef="image921.wmz"/>
 <o:File HRef="image922.gif"/>
 <o:File HRef="image923.wmz"/>
 <o:File HRef="image924.gif"/>
 <o:File HRef="image925.wmz"/>
 <o:File HRef="image926.gif"/>
 <o:File HRef="image927.wmz"/>
 <o:File HRef="image928.gif"/>
 <o:File HRef="image929.wmz"/>
 <o:File HRef="image930.wmz"/>
 <o:File HRef="image931.wmz"/>
 <o:File HRef="image932.gif"/>
 <o:File HRef="image933.wmz"/>
 <o:File HRef="image934.gif"/>
 <o:File HRef="image935.wmz"/>
 <o:File HRef="image936.wmz"/>
 <o:File HRef="image937.gif"/>
 <o:File HRef="image938.wmz"/>
 <o:File HRef="image939.gif"/>
 <o:File HRef="image940.wmz"/>
 <o:File HRef="image941.wmz"/>
 <o:File HRef="image942.gif"/>
 <o:File HRef="image943.wmz"/>
 <o:File HRef="image944.gif"/>
 <o:File HRef="image945.wmz"/>
 <o:File HRef="image946.gif"/>
 <o:File HRef="image947.wmz"/>
 <o:File HRef="image948.gif"/>
 <o:File HRef="image949.wmz"/>
 <o:File HRef="image950.wmz"/>
 <o:File HRef="image951.wmz"/>
 <o:File HRef="image952.gif"/>
 <o:File HRef="image953.wmz"/>
 <o:File HRef="image954.gif"/>
 <o:File HRef="image955.wmz"/>
 <o:File HRef="image956.gif"/>
 <o:File HRef="image957.wmz"/>
 <o:File HRef="image958.wmz"/>
 <o:File HRef="image959.wmz"/>
 <o:File HRef="image960.gif"/>
 <o:File HRef="image961.wmz"/>
 <o:File HRef="image962.gif"/>
 <o:File HRef="image963.wmz"/>
 <o:File HRef="image964.gif"/>
 <o:File HRef="image965.wmz"/>
 <o:File HRef="image966.gif"/>
 <o:File HRef="image967.wmz"/>
 <o:File HRef="image968.wmz"/>
 <o:File HRef="image969.gif"/>
 <o:File HRef="image970.wmz"/>
 <o:File HRef="image971.gif"/>
 <o:File HRef="image972.wmz"/>
 <o:File HRef="image973.wmz"/>
 <o:File HRef="image974.wmz"/>
 <o:File HRef="image975.gif"/>
 <o:File HRef="image976.wmz"/>
 <o:File HRef="image977.wmz"/>
 <o:File HRef="image978.gif"/>
 <o:File HRef="image979.wmz"/>
 <o:File HRef="image980.wmz"/>
 <o:File HRef="image981.wmz"/>
 <o:File HRef="image982.gif"/>
 <o:File HRef="image983.wmz"/>
 <o:File HRef="image984.gif"/>
 <o:File HRef="image985.wmz"/>
 <o:File HRef="image986.gif"/>
 <o:File HRef="image987.wmz"/>
 <o:File HRef="image988.gif"/>
 <o:File HRef="image989.wmz"/>
 <o:File HRef="image990.gif"/>
 <o:File HRef="image991.wmz"/>
 <o:File HRef="image992.gif"/>
 <o:File HRef="image993.wmz"/>
 <o:File HRef="image994.gif"/>
 <o:File HRef="image995.wmz"/>
 <o:File HRef="image996.gif"/>
 <o:File HRef="image997.wmz"/>
 <o:File HRef="image998.gif"/>
 <o:File HRef="image999.wmz"/>
 <o:File HRef="image1000.gif"/>
 <o:File HRef="image1001.wmz"/>
 <o:File HRef="image1002.gif"/>
 <o:File HRef="image1003.wmz"/>
 <o:File HRef="image1004.wmz"/>
 <o:File HRef="image1005.gif"/>
 <o:File HRef="image1006.wmz"/>
 <o:File HRef="image1007.gif"/>
 <o:File HRef="image1008.wmz"/>
 <o:File HRef="image1009.gif"/>
 <o:File HRef="image1010.wmz"/>
 <o:File HRef="image1011.gif"/>
 <o:File HRef="image1012.wmz"/>
 <o:File HRef="image1013.gif"/>
 <o:File HRef="image1014.wmz"/>
 <o:File HRef="image1015.gif"/>
 <o:File HRef="image1016.wmz"/>
 <o:File HRef="image1017.gif"/>
 <o:File HRef="image1018.wmz"/>
 <o:File HRef="image1019.gif"/>
 <o:File HRef="image1020.wmz"/>
 <o:File HRef="image1021.gif"/>
 <o:File HRef="image1022.wmz"/>
 <o:File HRef="image1023.wmz"/>
 <o:File HRef="image1024.gif"/>
 <o:File HRef="image1025.wmz"/>
 <o:File HRef="image1026.wmz"/>
 <o:File HRef="image1027.gif"/>
 <o:File HRef="image1028.wmz"/>
 <o:File HRef="image1029.gif"/>
 <o:File HRef="image1030.wmz"/>
 <o:File HRef="image1031.gif"/>
 <o:File HRef="image1032.wmz"/>
 <o:File HRef="image1033.gif"/>
 <o:File HRef="image1034.wmz"/>
 <o:File HRef="image1035.wmz"/>
 <o:File HRef="image1036.gif"/>
 <o:File HRef="image1037.wmz"/>
 <o:File HRef="image1038.gif"/>
 <o:File HRef="image1039.wmz"/>
 <o:File HRef="image1040.gif"/>
 <o:File HRef="image1041.wmz"/>
 <o:File HRef="image1042.gif"/>
 <o:File HRef="image1043.wmz"/>
 <o:File HRef="image1044.gif"/>
 <o:File HRef="image1045.wmz"/>
 <o:File HRef="image1046.gif"/>
 <o:File HRef="image1047.wmz"/>
 <o:File HRef="image1048.gif"/>
 <o:File HRef="image1049.wmz"/>
 <o:File HRef="image1050.wmz"/>
 <o:File HRef="image1051.wmz"/>
 <o:File HRef="image1052.gif"/>
 <o:File HRef="image1053.wmz"/>
 <o:File HRef="image1054.gif"/>
 <o:File HRef="image1055.wmz"/>
 <o:File HRef="image1056.gif"/>
 <o:File HRef="image1057.wmz"/>
 <o:File HRef="image1058.gif"/>
 <o:File HRef="image1059.gif"/>
 <o:File HRef="image1060.wmz"/>
 <o:File HRef="image1061.gif"/>
 <o:File HRef="image1062.wmz"/>
 <o:File HRef="image1063.gif"/>
 <o:File HRef="image1064.wmz"/>
 <o:File HRef="image1065.gif"/>
 <o:File HRef="image1066.wmz"/>
 <o:File HRef="image1067.gif"/>
 <o:File HRef="image1068.wmz"/>
 <o:File HRef="image1069.wmz"/>
 <o:File HRef="image1070.gif"/>
 <o:File HRef="image1071.wmz"/>
 <o:File HRef="image1072.gif"/>
 <o:File HRef="image1073.wmz"/>
 <o:File HRef="image1074.gif"/>
 <o:File HRef="image1075.wmz"/>
 <o:File HRef="image1076.gif"/>
 <o:File HRef="image1077.wmz"/>
 <o:File HRef="image1078.gif"/>
 <o:File HRef="image1079.wmz"/>
 <o:File HRef="image1080.gif"/>
 <o:File HRef="image1081.wmz"/>
 <o:File HRef="image1082.gif"/>
 <o:File HRef="image1083.wmz"/>
 <o:File HRef="image1084.wmz"/>
 <o:File HRef="image1085.gif"/>
 <o:File HRef="image1086.wmz"/>
 <o:File HRef="image1087.wmz"/>
 <o:File HRef="image1088.gif"/>
 <o:File HRef="image1089.wmz"/>
 <o:File HRef="image1090.wmz"/>
 <o:File HRef="image1091.gif"/>
 <o:File HRef="image1092.wmz"/>
 <o:File HRef="image1093.gif"/>
 <o:File HRef="image1094.wmz"/>
 <o:File HRef="image1095.gif"/>
 <o:File HRef="image1096.wmz"/>
 <o:File HRef="image1097.wmz"/>
 <o:File HRef="image1098.gif"/>
 <o:File HRef="image1099.wmz"/>
 <o:File HRef="image1100.gif"/>
 <o:File HRef="image1101.wmz"/>
 <o:File HRef="image1102.wmz"/>
 <o:File HRef="image1103.gif"/>
 <o:File HRef="image1104.wmz"/>
 <o:File HRef="image1105.gif"/>
 <o:File HRef="image1106.wmz"/>
 <o:File HRef="image1107.gif"/>
 <o:File HRef="image1108.wmz"/>
 <o:File HRef="image1109.wmz"/>
 <o:File HRef="image1110.wmz"/>
 <o:File HRef="image1111.gif"/>
 <o:File HRef="image1112.wmz"/>
 <o:File HRef="image1113.gif"/>
 <o:File HRef="image1114.wmz"/>
 <o:File HRef="image1115.gif"/>
 <o:File HRef="image1116.wmz"/>
 <o:File HRef="image1117.gif"/>
 <o:File HRef="image1118.wmz"/>
 <o:File HRef="image1119.gif"/>
 <o:File HRef="image1120.wmz"/>
 <o:File HRef="image1121.gif"/>
 <o:File HRef="image1122.wmz"/>
 <o:File HRef="image1123.gif"/>
 <o:File HRef="image1124.wmz"/>
 <o:File HRef="image1125.gif"/>
 <o:File HRef="image1126.wmz"/>
 <o:File HRef="image1127.gif"/>
 <o:File HRef="image1128.wmz"/>
 <o:File HRef="image1129.gif"/>
 <o:File HRef="image1130.wmz"/>
 <o:File HRef="image1131.gif"/>
 <o:File HRef="image1132.wmz"/>
 <o:File HRef="image1133.gif"/>
 <o:File HRef="image1134.wmz"/>
 <o:File HRef="image1135.gif"/>
 <o:File HRef="image1136.wmz"/>
 <o:File HRef="image1137.gif"/>
 <o:File HRef="image1138.wmz"/>
 <o:File HRef="image1139.gif"/>
 <o:File HRef="image1140.wmz"/>
 <o:File HRef="image1141.gif"/>
 <o:File HRef="image1142.wmz"/>
 <o:File HRef="image1143.gif"/>
 <o:File HRef="image1144.wmz"/>
 <o:File HRef="image1145.gif"/>
 <o:File HRef="image1146.wmz"/>
 <o:File HRef="image1147.gif"/>
 <o:File HRef="image1148.wmz"/>
 <o:File HRef="image1149.wmz"/>
 <o:File HRef="image1150.gif"/>
 <o:File HRef="image1151.wmz"/>
 <o:File HRef="image1152.gif"/>
 <o:File HRef="image1153.wmz"/>
 <o:File HRef="image1154.gif"/>
 <o:File HRef="image1155.wmz"/>
 <o:File HRef="image1156.wmz"/>
 <o:File HRef="image1157.gif"/>
 <o:File HRef="image1158.wmz"/>
 <o:File HRef="image1159.gif"/>
 <o:File HRef="image1160.wmz"/>
 <o:File HRef="image1161.gif"/>
 <o:File HRef="image1162.wmz"/>
 <o:File HRef="image1163.gif"/>
 <o:File HRef="image1164.wmz"/>
 <o:File HRef="image1165.gif"/>
 <o:File HRef="image1166.wmz"/>
 <o:File HRef="image1167.gif"/>
 <o:File HRef="image1168.wmz"/>
 <o:File HRef="image1169.gif"/>
 <o:File HRef="image1170.wmz"/>
 <o:File HRef="image1171.gif"/>
 <o:File HRef="image1172.wmz"/>
 <o:File HRef="image1173.gif"/>
 <o:File HRef="image1174.wmz"/>
 <o:File HRef="image1175.gif"/>
 <o:File HRef="image1176.wmz"/>
 <o:File HRef="image1177.gif"/>
 <o:File HRef="image1178.wmz"/>
 <o:File HRef="image1179.wmz"/>
 <o:File HRef="image1180.gif"/>
 <o:File HRef="image1181.wmz"/>
 <o:File HRef="image1182.gif"/>
 <o:File HRef="image1183.wmz"/>
 <o:File HRef="image1184.wmz"/>
 <o:File HRef="image1185.gif"/>
 <o:File HRef="image1186.wmz"/>
 <o:File HRef="image1187.wmz"/>
 <o:File HRef="image1188.wmz"/>
 <o:File HRef="image1189.gif"/>
 <o:File HRef="image1190.wmz"/>
 <o:File HRef="image1191.gif"/>
 <o:File HRef="image1192.wmz"/>
 <o:File HRef="image1193.gif"/>
 <o:File HRef="image1194.wmz"/>
 <o:File HRef="image1195.gif"/>
 <o:File HRef="image1196.wmz"/>
 <o:File HRef="image1197.gif"/>
 <o:File HRef="image1198.wmz"/>
 <o:File HRef="image1199.gif"/>
 <o:File HRef="image1200.wmz"/>
 <o:File HRef="image1201.gif"/>
 <o:File HRef="image1202.wmz"/>
 <o:File HRef="image1203.gif"/>
 <o:File HRef="image1204.wmz"/>
 <o:File HRef="image1205.gif"/>
 <o:File HRef="image1206.wmz"/>
 <o:File HRef="image1207.gif"/>
 <o:File HRef="image1208.wmz"/>
 <o:File HRef="image1209.gif"/>
 <o:File HRef="image1210.wmz"/>
 <o:File HRef="image1211.gif"/>
 <o:File HRef="image1212.wmz"/>
 <o:File HRef="image1213.gif"/>
 <o:File HRef="image1214.wmz"/>
 <o:File HRef="image1215.gif"/>
 <o:File HRef="image1216.wmz"/>
 <o:File HRef="image1217.gif"/>
 <o:File HRef="image1218.wmz"/>
 <o:File HRef="image1219.gif"/>
 <o:File HRef="image1220.wmz"/>
 <o:File HRef="image1221.gif"/>
 <o:File HRef="image1222.wmz"/>
 <o:File HRef="image1223.wmz"/>
 <o:File HRef="image1224.gif"/>
 <o:File HRef="image1225.wmz"/>
 <o:File HRef="image1226.gif"/>
 <o:File HRef="image1227.wmz"/>
 <o:File HRef="image1228.wmz"/>
 <o:File HRef="image1229.gif"/>
 <o:File HRef="image1230.wmz"/>
 <o:File HRef="image1231.gif"/>
 <o:File HRef="image1232.wmz"/>
 <o:File HRef="image1233.gif"/>
 <o:File HRef="image1234.wmz"/>
 <o:File HRef="image1235.gif"/>
 <o:File HRef="image1236.wmz"/>
 <o:File HRef="image1237.gif"/>
 <o:File HRef="image1238.wmz"/>
 <o:File HRef="image1239.gif"/>
 <o:File HRef="image1240.wmz"/>
 <o:File HRef="image1241.gif"/>
 <o:File HRef="image1242.wmz"/>
 <o:File HRef="image1243.gif"/>
 <o:File HRef="image1244.wmz"/>
 <o:File HRef="image1245.gif"/>
 <o:File HRef="image1246.wmz"/>
 <o:File HRef="image1247.gif"/>
 <o:File HRef="image1248.wmz"/>
 <o:File HRef="image1249.wmz"/>
 <o:File HRef="image1250.wmz"/>
 <o:File HRef="image1251.gif"/>
 <o:File HRef="image1252.wmz"/>
 <o:File HRef="image1253.gif"/>
 <o:File HRef="image1254.wmz"/>
 <o:File HRef="image1255.gif"/>
 <o:File HRef="image1256.wmz"/>
 <o:File HRef="image1257.wmz"/>
 <o:File HRef="image1258.gif"/>
 <o:File HRef="image1259.wmz"/>
 <o:File HRef="image1260.gif"/>
 <o:File HRef="image1261.wmz"/>
 <o:File HRef="image1262.wmz"/>
 <o:File HRef="image1263.gif"/>
 <o:File HRef="image1264.wmz"/>
 <o:File HRef="image1265.gif"/>
 <o:File HRef="image1266.wmz"/>
 <o:File HRef="image1267.gif"/>
 <o:File HRef="image1268.wmz"/>
 <o:File HRef="image1269.wmz"/>
 <o:File HRef="image1270.gif"/>
 <o:File HRef="image1271.wmz"/>
 <o:File HRef="image1272.gif"/>
 <o:File HRef="image1273.wmz"/>
 <o:File HRef="image1274.gif"/>
 <o:File HRef="image1275.wmz"/>
 <o:File HRef="image1276.gif"/>
 <o:File HRef="image1277.wmz"/>
 <o:File HRef="image1278.gif"/>
 <o:File HRef="image1279.wmz"/>
 <o:File HRef="image1280.wmz"/>
 <o:File HRef="image1281.gif"/>
 <o:File HRef="image1282.wmz"/>
 <o:File HRef="image1283.gif"/>
 <o:File HRef="image1284.wmz"/>
 <o:File HRef="image1285.wmz"/>
 <o:File HRef="image1286.gif"/>
 <o:File HRef="image1287.wmz"/>
 <o:File HRef="image1288.gif"/>
 <o:File HRef="image1289.wmz"/>
 <o:File HRef="image1290.wmz"/>
 <o:File HRef="image1291.wmz"/>
 <o:File HRef="image1292.gif"/>
 <o:File HRef="image1293.wmz"/>
 <o:File HRef="image1294.gif"/>
 <o:File HRef="image1295.wmz"/>
 <o:File HRef="image1296.wmz"/>
 <o:File HRef="image1297.wmz"/>
 <o:File HRef="image1298.gif"/>
 <o:File HRef="image1299.wmz"/>
 <o:File HRef="image1300.wmz"/>
 <o:File HRef="image1301.wmz"/>
 <o:File HRef="image1302.wmz"/>
 <o:File HRef="image1303.gif"/>
 <o:File HRef="image1304.wmz"/>
 <o:File HRef="image1305.gif"/>
 <o:File HRef="image1306.wmz"/>
 <o:File HRef="image1307.gif"/>
 <o:File HRef="image1308.wmz"/>
 <o:File HRef="image1309.gif"/>
 <o:File HRef="image1310.wmz"/>
 <o:File HRef="image1311.gif"/>
 <o:File HRef="image1312.wmz"/>
 <o:File HRef="image1313.wmz"/>
 <o:File HRef="image1314.wmz"/>
 <o:File HRef="image1315.wmz"/>
 <o:File HRef="image1316.gif"/>
 <o:File HRef="image1317.wmz"/>
 <o:File HRef="image1318.gif"/>
 <o:File HRef="image1319.wmz"/>
 <o:File HRef="image1320.wmz"/>
 <o:File HRef="image1321.wmz"/>
 <o:File HRef="image1322.wmz"/>
 <o:File HRef="image1323.gif"/>
 <o:File HRef="image1324.wmz"/>
 <o:File HRef="image1325.wmz"/>
 <o:File HRef="image1326.wmz"/>
 <o:File HRef="image1327.wmz"/>
 <o:File HRef="image1328.gif"/>
 <o:File HRef="header.htm"/>
 <o:File HRef="filelist.xml"/>
</xml>